{
  "PC_Compounds": [
    {
      "id": {
        "id": {
          "cid": 70189
        }
      },
      "atoms": {
        "aid": [
          1,
          2,
          3,
          4,
          5,
          6,
          7,
          8,
          9
        ],
        "element": [
          19,
          8,
          6,
          6,
          1,
          1,
          1,
          1,
          1
        ],
        "charge": [
          {
            "aid": 1,
            "value": 1
          },
          {
            "aid": 2,
            "value": -1
          }
        ]
      },
      "bonds": {
        "aid1": [
          2,
          3,
          3,
          3,
          4,
          4,
          4
        ],
        "aid2": [
          3,
          4,
          5,
          6,
          7,
          8,
          9
        ],
        "order": [
          1,
          1,
          1,
          1,
          1,
          1,
          1
        ]
      },
      "coords": [
        {
          "type": [
            1,
            5,
            255
          ],
          "aid": [
            1,
            2,
            3,
            4,
            5,
            6,
            7,
            8,
            9
          ],
          "conformers": [
            {
              "x": [
                2,
                2.8660254478455,
                3.7320508956909,
                4.5980763435364,
                4.130578994751,
                3.3335225582123,
                4.2880764007568,
                5.1350121498108,
                4.9080762863159
              ],
              "y": [
                0.25,
                -0.25,
                0.25,
                -0.25,
                0.724947571754456,
                0.724947571754456,
                -0.786935746669769,
                -0.560000002384186,
                0.286935746669769
              ]
            }
          ]
        }
      ],
      "charge": 0,
      "props": [
        {
          "urn": {
            "label": "Compound",
            "name": "Canonicalized",
            "datatype": 5,
            "release": "2007.06.29"
          },
          "value": {
            "ival": 1
          }
        },
        {
          "urn": {
            "label": "Compound Complexity",
            "datatype": 7,
            "implementation": "E_COMPLEXITY",
            "version": "3.4.6.11",
            "software": "Cactvs",
            "source": "xemistry.com",
            "release": "2019.06.18"
          },
          "value": {
            "fval": 2.8
          }
        },
        {
          "urn": {
            "label": "Count",
            "name": "Hydrogen Bond Acceptor",
            "datatype": 5,
            "implementation": "E_NHACCEPTORS",
            "version": "3.4.6.11",
            "software": "Cactvs",
            "source": "xemistry.com",
            "release": "2019.06.18"
          },
          "value": {
            "ival": 1
          }
        },
        {
          "urn": {
            "label": "Count",
            "name": "Hydrogen Bond Donor",
            "datatype": 5,
            "implementation": "E_NHDONORS",
            "version": "3.4.6.11",
            "software": "Cactvs",
            "source": "xemistry.com",
            "release": "2019.06.18"
          },
          "value": {
            "ival": 0
          }
        },
        {
          "urn": {
            "label": "Count",
            "name": "Rotatable Bond",
            "datatype": 5,
            "implementation": "E_NROTBONDS",
            "version": "3.4.6.11",
            "software": "Cactvs",
            "source": "xemistry.com",
            "release": "2019.06.18"
          },
          "value": {
            "ival": 0
          }
        },
        {
          "urn": {
            "label": "Fingerprint",
            "name": "SubStructure Keys",
            "datatype": 16,
            "parameters": "extended 2",
            "implementation": "E_SCREEN",
            "version": "3.4.6.11",
            "software": "Cactvs",
            "source": "xemistry.com",
            "release": "2019.06.18"
          },
          "value": {
            "binary": "0000037180402000004000000000000000000000000000000000000000000000000000000000001A00000000000000A080020200000000000000000000000000000000000000000000000000000000000000000000000000000000000000000000000000000000000000000000000000000000"
          }
        },
        {
          "urn": {
            "label": "IUPAC Name",
            "name": "Allowed",
            "datatype": 1,
            "version": "2.6.6",
            "software": "LexiChem",
            "source": "openeye.com",
            "release": "2019.06.18"
          },
          "value": {
            "sval": "potassium;ethanolate"
          }
        },
        {
          "urn": {
            "label": "IUPAC Name",
            "name": "CAS-like Style",
            "datatype": 1,
            "version": "2.6.6",
            "software": "LexiChem",
            "source": "openeye.com",
            "release": "2019.06.18"
          },
          "value": {
            "sval": "potassium;ethanolate"
          }
        },
        {
          "urn": {
            "label": "IUPAC Name",
            "name": "Markup",
            "datatype": 1,
            "version": "2.6.6",
            "software": "LexiChem",
            "source": "openeye.com",
            "release": "2019.06.18"
          },
          "value": {
            "sval": "potassium;ethanolate"
          }
        },
        {
          "urn": {
            "label": "IUPAC Name",
            "name": "Preferred",
            "datatype": 1,
            "version": "2.6.6",
            "software": "LexiChem",
            "source": "openeye.com",
            "release": "2019.06.18"
          },
          "value": {
            "sval": "potassium;ethanolate"
          }
        },
        {
          "urn": {
            "label": "IUPAC Name",
            "name": "Systematic",
            "datatype": 1,
            "version": "2.6.6",
            "software": "LexiChem",
            "source": "openeye.com",
            "release": "2019.06.18"
          },
          "value": {
            "sval": "potassium;ethanolate"
          }
        },
        {
          "urn": {
            "label": "IUPAC Name",
            "name": "Traditional",
            "datatype": 1,
            "version": "2.6.6",
            "software": "LexiChem",
            "source": "openeye.com",
            "release": "2019.06.18"
          },
          "value": {
            "sval": "potassium;ethanolate"
          }
        },
        {
          "urn": {
            "label": "InChI",
            "name": "Standard",
            "datatype": 1,
            "version": "1.0.5",
            "software": "InChI",
            "source": "iupac.org",
            "release": "2019.06.18"
          },
          "value": {
            "sval": "InChI=1S/C2H5O.K/c1-2-3;/h2H2,1H3;/q-1;+1"
          }
        },
        {
          "urn": {
            "label": "InChIKey",
            "name": "Standard",
            "datatype": 1,
            "version": "1.0.5",
            "software": "InChI",
            "source": "iupac.org",
            "release": "2019.06.18"
          },
          "value": {
            "sval": "RPDAUEIUDPHABB-UHFFFAOYSA-N"
          }
        },
        {
          "urn": {
            "label": "Mass",
            "name": "Exact",
            "datatype": 1,
            "version": "2.1",
            "software": "PubChem",
            "source": "ncbi.nlm.nih.gov",
            "release": "2021.05.07"
          },
          "value": {
            "sval": "83.99774626"
          }
        },
        {
          "urn": {
            "label": "Molecular Formula",
            "datatype": 1,
            "version": "2.1",
            "software": "PubChem",
            "source": "ncbi.nlm.nih.gov",
            "release": "2019.06.18"
          },